-- phpMyAdmin SQL Dump
-- version 4.9.0.1
-- https://www.phpmyadmin.net/
--
-- Host: localhost:8889
-- Generation Time: Feb 29, 2020 at 01:44 PM
-- Server version: 5.7.26
-- PHP Version: 7.3.7

SET SQL_MODE = "NO_AUTO_VALUE_ON_ZERO";
SET time_zone = "+00:00";

--
-- Database: `derby`
--

-- --------------------------------------------------------

--
-- Table structure for table `event`
--

CREATE TABLE `event` (
  `num` int(10) UNSIGNED NOT NULL,
  `name` varchar(256) NOT NULL
) ENGINE=InnoDB DEFAULT CHARSET=utf8;

--
-- Dumping data for table `event`
--

INSERT INTO `event` (`num`, `name`) VALUES
(1, 'Summer 2019 Skate-a-thon');

-- --------------------------------------------------------

--
-- Table structure for table `lap`
--

CREATE TABLE `lap` (
  `event_num` int(10) UNSIGNED NOT NULL,
  `skater_num` int(10) UNSIGNED NOT NULL,
  `time` timestamp NOT NULL DEFAULT CURRENT_TIMESTAMP
) ENGINE=InnoDB DEFAULT CHARSET=utf8;

--
-- Dumping data for table `lap`
--

INSERT INTO `lap` (`event_num`, `skater_num`, `time`) VALUES
(1, 1, '2019-08-14 03:40:09'),
(1, 1, '2019-08-14 03:40:34'),
(1, 1, '2019-08-14 03:40:36'),
(1, 1, '2019-08-14 03:40:37'),
(1, 1, '2019-08-14 03:40:38'),
(1, 1, '2019-08-14 03:40:39'),
(1, 1, '2019-08-14 03:40:40'),
(1, 1, '2019-08-14 03:40:41'),
(1, 1, '2019-08-14 03:40:42'),
(1, 1, '2019-08-14 03:40:43'),
(1, 1, '2019-08-14 03:40:44'),
(1, 1, '2019-08-14 03:40:45'),
(1, 1, '2019-08-14 03:46:00'),
(1, 1, '2019-08-14 03:46:01'),
(1, 1, '2019-08-14 03:47:37'),
(1, 1, '2019-08-14 03:49:22'),
(1, 1, '2019-08-14 03:49:23'),
(1, 1, '2019-08-14 03:49:51'),
(1, 1, '2019-08-14 03:54:26'),
(1, 1, '2019-08-14 03:54:27'),
(1, 1, '2019-08-14 03:54:28'),
(1, 1, '2019-08-14 03:54:29'),
(1, 1, '2019-08-14 03:54:31'),
(1, 1, '2019-08-14 03:55:03'),
(1, 1, '2019-08-14 03:55:39'),
(1, 1, '2019-08-14 03:55:42'),
(1, 1, '2019-08-14 03:55:50'),
(1, 1, '2019-08-14 03:55:51'),
(1, 1, '2019-08-14 03:55:52'),
(1, 1, '2019-08-14 03:55:53'),
(1, 1, '2019-08-14 04:01:17'),
(1, 1, '2019-08-14 04:01:21'),
(1, 1, '2019-08-14 04:01:26'),
(1, 1, '2019-08-14 04:01:27'),
(1, 1, '2019-08-14 04:01:28'),
(1, 1, '2019-08-14 04:01:29'),
(1, 1, '2019-08-14 04:01:30'),
(1, 1, '2019-08-14 04:01:34'),
(1, 1, '2019-08-14 04:01:35'),
(1, 1, '2019-08-14 04:01:36'),
(1, 1, '2019-08-14 04:01:37'),
(1, 1, '2019-08-14 04:01:38'),
(1, 1, '2019-08-14 04:06:52'),
(1, 1, '2019-08-14 04:06:53'),
(1, 1, '2019-08-14 04:06:54'),
(1, 1, '2019-08-14 04:06:55'),
(1, 1, '2019-08-14 04:06:56'),
(1, 1, '2019-08-14 04:06:57'),
(1, 1, '2019-08-14 04:06:59'),
(1, 1, '2019-08-14 04:07:01'),
(1, 1, '2019-08-14 04:11:42'),
(1, 1, '2019-08-14 04:11:52'),
(1, 1, '2019-08-14 04:11:53'),
(1, 1, '2019-08-14 04:11:55'),
(1, 1, '2019-08-14 04:11:57'),
(1, 1, '2019-08-14 04:11:59'),
(1, 1, '2019-08-14 04:12:01'),
(1, 1, '2019-08-14 04:12:42'),
(1, 1, '2019-08-14 05:33:47'),
(1, 1, '2019-08-14 05:33:49'),
(1, 1, '2019-08-14 05:33:50'),
(1, 1, '2019-08-14 05:33:52'),
(1, 1, '2019-08-14 05:33:53'),
(1, 1, '2019-08-14 05:33:55'),
(1, 1, '2019-08-14 05:33:56'),
(1, 1, '2019-08-14 05:33:58'),
(1, 1, '2019-08-14 05:34:54'),
(1, 1, '2019-08-14 05:35:16'),
(1, 1, '2019-08-14 05:35:30'),
(1, 1, '2019-08-14 05:35:46'),
(1, 1, '2019-08-14 05:36:23'),
(1, 1, '2019-08-14 05:36:43'),
(1, 1, '2019-08-14 05:37:01'),
(1, 1, '2019-08-14 05:37:15'),
(1, 1, '2019-08-14 05:38:13'),
(1, 1, '2019-08-14 05:39:18'),
(1, 1, '2019-08-14 05:39:19'),
(1, 1, '2019-08-14 05:39:20'),
(1, 1, '2019-08-14 05:39:41'),
(1, 1, '2019-08-14 05:39:47'),
(1, 1, '2019-08-14 05:39:51'),
(1, 1, '2019-08-14 05:39:52'),
(1, 1, '2019-08-14 05:40:40'),
(1, 1, '2019-08-14 05:40:51'),
(1, 1, '2019-08-14 05:41:18'),
(1, 1, '2019-08-14 05:41:25'),
(1, 1, '2019-08-14 05:41:30'),
(1, 1, '2019-08-14 05:48:50'),
(1, 1, '2019-08-14 05:49:48'),
(1, 1, '2019-08-14 05:50:01'),
(1, 1, '2019-08-14 05:50:09'),
(1, 1, '2019-08-14 05:52:37'),
(1, 1, '2019-08-14 05:52:45'),
(1, 1, '2019-08-14 05:52:46'),
(1, 1, '2019-08-14 05:52:47'),
(1, 1, '2019-08-14 05:55:25'),
(1, 1, '2019-08-14 05:55:26'),
(1, 1, '2019-08-14 05:55:27'),
(1, 1, '2019-08-14 05:58:45'),
(1, 1, '2019-08-14 05:58:48'),
(1, 1, '2019-08-14 05:58:49'),
(1, 1, '2019-08-14 05:59:20'),
(1, 1, '2019-08-14 05:59:28'),
(1, 1, '2019-08-14 06:00:37'),
(1, 1, '2019-08-14 06:00:52'),
(1, 1, '2019-08-14 06:08:20'),
(1, 1, '2019-08-14 06:08:38'),
(1, 1, '2019-08-14 06:08:39'),
(1, 1, '2019-08-14 06:08:40'),
(1, 1, '2019-08-14 06:08:44'),
(1, 1, '2019-08-14 06:08:52'),
(1, 1, '2019-08-14 06:08:53'),
(1, 1, '2019-08-14 06:08:57'),
(1, 1, '2019-08-14 06:08:58'),
(1, 1, '2019-08-14 06:08:59'),
(1, 1, '2019-08-14 06:09:00'),
(1, 1, '2019-08-14 06:09:01'),
(1, 1, '2019-08-14 06:09:02'),
(1, 1, '2019-08-14 06:09:16'),
(1, 1, '2019-08-14 06:09:34'),
(1, 1, '2019-08-14 06:09:50'),
(1, 1, '2019-08-14 06:09:51'),
(1, 1, '2019-08-14 06:09:52'),
(1, 1, '2019-08-14 06:12:20'),
(1, 1, '2019-08-14 06:12:25'),
(1, 1, '2019-08-14 06:12:40'),
(1, 1, '2019-08-14 06:13:05'),
(1, 1, '2019-08-14 06:13:09'),
(1, 1, '2019-08-14 06:13:46'),
(1, 1, '2019-08-14 06:14:10'),
(1, 1, '2019-08-14 06:14:11'),
(1, 1, '2019-08-14 06:14:15'),
(1, 1, '2019-08-14 06:16:17'),
(1, 1, '2019-08-14 06:16:18'),
(1, 1, '2019-08-14 06:16:19'),
(1, 1, '2019-08-14 06:16:20'),
(1, 1, '2019-08-14 06:16:21'),
(1, 1, '2019-08-14 06:16:27'),
(1, 1, '2019-08-14 06:16:28'),
(1, 1, '2019-08-14 06:16:29'),
(1, 1, '2019-08-14 06:16:30'),
(1, 1, '2019-08-14 06:16:31'),
(1, 1, '2019-08-14 06:16:33'),
(1, 1, '2019-08-14 06:16:34'),
(1, 1, '2019-08-14 06:16:40'),
(1, 1, '2019-08-14 06:16:41'),
(1, 1, '2019-08-14 06:16:42'),
(1, 1, '2019-08-14 06:16:43'),
(1, 1, '2019-08-14 06:17:42'),
(1, 1, '2019-08-14 06:18:02'),
(1, 1, '2019-08-14 06:18:03'),
(1, 1, '2019-08-14 06:18:04'),
(1, 1, '2019-08-14 06:18:05'),
(1, 1, '2019-08-14 06:18:07'),
(1, 1, '2019-08-14 06:18:09'),
(1, 1, '2019-08-14 06:18:10'),
(1, 1, '2019-08-14 06:18:23'),
(1, 1, '2019-08-14 06:18:39'),
(1, 1, '2019-08-14 06:18:41'),
(1, 1, '2019-08-14 06:18:43'),
(1, 1, '2019-08-14 06:18:46'),
(1, 1, '2019-08-14 06:18:47'),
(1, 1, '2019-08-14 06:18:48'),
(1, 1, '2019-08-14 06:18:50'),
(1, 1, '2019-08-14 06:19:08'),
(1, 1, '2019-08-14 06:19:10'),
(1, 1, '2019-08-14 06:19:16'),
(1, 1, '2019-08-14 06:19:29'),
(1, 1, '2019-08-14 06:19:32'),
(1, 1, '2019-08-14 06:19:33'),
(1, 1, '2019-08-14 06:19:34'),
(1, 1, '2019-08-14 06:19:36'),
(1, 1, '2019-08-14 06:19:39'),
(1, 1, '2019-08-14 06:19:41'),
(1, 1, '2019-08-14 06:19:42'),
(1, 1, '2019-08-14 06:19:43'),
(1, 1, '2019-08-14 06:19:46'),
(1, 1, '2019-08-14 06:19:47'),
(1, 1, '2019-08-14 06:19:48'),
(1, 1, '2019-08-14 06:19:49'),
(1, 1, '2019-08-14 06:19:51'),
(1, 1, '2019-08-14 06:19:53'),
(1, 1, '2019-08-14 06:19:54'),
(1, 1, '2019-08-14 06:19:57'),
(1, 1, '2019-08-14 06:19:58'),
(1, 1, '2019-08-14 06:19:59'),
(1, 1, '2019-08-14 06:20:00'),
(1, 1, '2019-08-14 06:20:01'),
(1, 1, '2019-08-14 06:20:03'),
(1, 1, '2019-08-14 06:20:04'),
(1, 1, '2019-08-14 06:20:05'),
(1, 1, '2019-08-14 06:20:06'),
(1, 1, '2019-08-14 06:20:07'),
(1, 1, '2019-08-14 06:20:09'),
(1, 1, '2019-08-14 06:20:10'),
(1, 1, '2019-08-14 06:20:11'),
(1, 1, '2019-08-14 06:20:12'),
(1, 1, '2019-08-14 06:20:15'),
(1, 1, '2019-08-14 06:20:16'),
(1, 1, '2019-08-14 06:20:19'),
(1, 1, '2019-08-14 06:20:20'),
(1, 1, '2019-08-14 06:20:34'),
(1, 1, '2019-08-14 06:20:35'),
(1, 1, '2019-08-14 06:20:39'),
(1, 1, '2019-08-14 06:21:12'),
(1, 1, '2019-08-14 06:21:14'),
(1, 1, '2019-08-14 06:21:19'),
(1, 1, '2019-08-14 06:24:11'),
(1, 1, '2019-08-14 06:24:13'),
(1, 1, '2019-08-14 06:24:16'),
(1, 1, '2019-08-14 06:24:17'),
(1, 1, '2019-08-14 06:24:19'),
(1, 1, '2019-08-14 06:24:20'),
(1, 1, '2019-08-14 06:24:22'),
(1, 1, '2019-08-14 06:24:27'),
(1, 1, '2019-08-14 06:24:30'),
(1, 1, '2019-08-14 06:24:56'),
(1, 1, '2019-08-14 06:24:59'),
(1, 1, '2019-08-14 06:25:45'),
(1, 1, '2019-08-14 06:25:55'),
(1, 1, '2019-08-14 06:25:57'),
(1, 1, '2019-08-14 06:25:59'),
(1, 1, '2019-08-14 06:26:00'),
(1, 1, '2019-08-16 16:44:54'),
(1, 1, '2019-08-16 16:47:49'),
(1, 1, '2019-08-16 16:47:50'),
(1, 1, '2019-08-16 16:47:51'),
(1, 1, '2019-08-16 16:47:52'),
(1, 1, '2019-08-16 16:47:53'),
(1, 1, '2019-08-16 16:47:55'),
(1, 1, '2019-08-16 16:47:58'),
(1, 1, '2019-08-16 16:48:00'),
(1, 1, '2019-08-16 16:48:08'),
(1, 1, '2019-08-16 16:48:10'),
(1, 1, '2019-08-16 16:48:11'),
(1, 1, '2019-08-16 16:48:12'),
(1, 1, '2019-08-16 16:48:14'),
(1, 1, '2019-08-16 19:02:00'),
(1, 1, '2019-08-16 19:02:01'),
(1, 1, '2019-08-16 19:02:03'),
(1, 7, '2019-08-20 13:12:33'),
(1, 7, '2019-08-20 13:12:34'),
(1, 7, '2019-08-20 13:12:36'),
(1, 7, '2019-08-20 13:12:37'),
(1, 7, '2019-08-20 13:12:38'),
(1, 24, '2019-08-20 13:14:37'),
(1, 28, '2019-08-20 13:17:24'),
(1, 31, '2019-08-20 13:24:18'),
(1, 31, '2019-08-20 13:24:19'),
(1, 34, '2019-08-20 13:16:28'),
(1, 34, '2019-08-20 13:16:29'),
(1, 34, '2019-08-20 13:16:30'),
(1, 36, '2019-08-20 13:25:27'),
(1, 37, '2019-08-20 13:27:14'),
(1, 37, '2019-08-20 13:27:15'),
(1, 37, '2019-08-20 13:27:16'),
(1, 37, '2019-08-20 13:27:19'),
(1, 37, '2019-08-20 13:28:31'),
(1, 37, '2019-08-20 13:28:39'),
(1, 38, '2019-08-20 13:29:18'),
(1, 38, '2019-08-20 13:29:19'),
(1, 38, '2019-08-20 13:29:20'),
(1, 38, '2019-08-20 13:29:21'),
(1, 38, '2019-08-20 13:29:22'),
(1, 38, '2019-08-20 13:29:23'),
(1, 38, '2019-08-20 22:41:01'),
(1, 38, '2019-08-20 22:41:02'),
(1, 38, '2019-08-20 22:41:03'),
(1, 38, '2019-08-20 22:41:04'),
(1, 38, '2019-08-20 22:41:05'),
(1, 38, '2019-08-20 22:41:06'),
(1, 38, '2019-08-20 22:41:07'),
(1, 38, '2019-08-20 22:42:08'),
(1, 38, '2019-08-20 22:42:09'),
(1, 38, '2019-08-20 22:42:10'),
(1, 38, '2019-08-20 22:46:22'),
(1, 38, '2019-08-20 22:46:23'),
(1, 38, '2019-08-20 22:46:25'),
(1, 38, '2019-08-20 22:46:26'),
(1, 38, '2019-08-20 22:46:39'),
(1, 40, '2019-08-20 22:36:53'),
(1, 40, '2019-08-20 22:37:14'),
(1, 40, '2019-08-20 22:37:18'),
(1, 40, '2019-08-20 22:37:27'),
(1, 40, '2019-08-20 22:37:28'),
(1, 40, '2019-08-20 22:37:29'),
(1, 40, '2019-08-20 22:37:31'),
(1, 40, '2019-08-20 22:37:32'),
(1, 40, '2019-08-20 22:37:33'),
(1, 40, '2019-08-20 22:37:35'),
(1, 40, '2019-08-20 22:37:36'),
(1, 40, '2019-08-20 22:37:38'),
(1, 40, '2019-08-20 22:37:39'),
(1, 40, '2019-08-20 22:37:40'),
(1, 40, '2019-08-20 22:37:41'),
(1, 40, '2019-08-20 22:37:43'),
(1, 40, '2019-08-20 22:37:44'),
(1, 40, '2019-08-20 22:37:45'),
(1, 41, '2019-08-20 22:33:37');

-- --------------------------------------------------------

--
-- Table structure for table `registration`
--

CREATE TABLE `registration` (
  `event_num` int(10) UNSIGNED NOT NULL,
  `skater_num` int(10) UNSIGNED NOT NULL,
  `sponsorship_per_lap` float(10,0) NOT NULL DEFAULT '0',
  `goal_laps` int(11) DEFAULT '0'
) ENGINE=InnoDB DEFAULT CHARSET=utf8;

--
-- Dumping data for table `registration`
--

INSERT INTO `registration` (`event_num`, `skater_num`, `sponsorship_per_lap`, `goal_laps`) VALUES
(1, 1, 0, 0),
(1, 7, 0, 0),
(1, 20, 12, 123),
(1, 21, 1, 1),
(1, 22, 1, 1),
(1, 23, 1, 1),
(1, 24, 50, 120),
(1, 26, 50, 1),
(1, 28, 34, 23),
(1, 30, 12, 123),
(1, 31, 12, 1),
(1, 35, 123, 321),
(1, 36, 234, 4444),
(1, 37, 123, 321),
(1, 38, 123, 321),
(1, 40, 0, 0),
(1, 41, 0, 0);

-- --------------------------------------------------------

--
-- Table structure for table `skater`
--

CREATE TABLE `skater` (
  `num` int(10) UNSIGNED NOT NULL,
  `name` varchar(256) NOT NULL
) ENGINE=InnoDB DEFAULT CHARSET=utf8;

--
-- Dumping data for table `skater`
--

INSERT INTO `skater` (`num`, `name`) VALUES
(1, 'Test Skater'),
(2, 'Bob'),
(3, 'abc'),
(4, 'josh'),
(5, 'Sammy'),
(6, 'thomas'),
(7, 'toby'),
(8, 'annie'),
(9, '12345'),
(10, 'alpha'),
(11, 'beta'),
(12, 'gamma'),
(13, 'delta'),
(14, 'epsilon'),
(15, 'zeta'),
(16, 'eta'),
(17, 'theta'),
(18, 'Iota'),
(19, 'kappa'),
(20, 'lambda'),
(21, 'mu'),
(22, 'nu'),
(23, 'xi'),
(24, 'omicron'),
(25, 'WWWW'),
(26, 'WWWWW'),
(27, 'WWWWWW'),
(28, 'AAA'),
(29, 'AAAA'),
(30, 'AAAAA'),
(31, 'BBB'),
(32, 'CC'),
(33, 'DDDDD'),
(34, 'EEE'),
(35, 'QQQ'),
(36, 'Benjamin'),
(37, 'KITTY'),
(38, 'Marge'),
(39, 'Malliron Hodge'),
(40, 'Banshee'),
(41, 'Aspen'),
(42, 'Pitbull');

--
-- Indexes for dumped tables
--

--
-- Indexes for table `event`
--
ALTER TABLE `event`
  ADD PRIMARY KEY (`num`);

--
-- Indexes for table `lap`
--
ALTER TABLE `lap`
  ADD PRIMARY KEY (`event_num`,`skater_num`,`time`);

--
-- Indexes for table `registration`
--
ALTER TABLE `registration`
  ADD PRIMARY KEY (`event_num`,`skater_num`),
  ADD KEY `skater_num` (`skater_num`);

--
-- Indexes for table `skater`
--
ALTER TABLE `skater`
  ADD PRIMARY KEY (`num`);

--
-- AUTO_INCREMENT for dumped tables
--

--
-- AUTO_INCREMENT for table `event`
--
ALTER TABLE `event`
  MODIFY `num` int(10) UNSIGNED NOT NULL AUTO_INCREMENT, AUTO_INCREMENT=2;

--
-- AUTO_INCREMENT for table `skater`
--
ALTER TABLE `skater`
  MODIFY `num` int(10) UNSIGNED NOT NULL AUTO_INCREMENT, AUTO_INCREMENT=43;

--
-- Constraints for dumped tables
--

--
-- Constraints for table `registration`
--
ALTER TABLE `registration`
  ADD CONSTRAINT `registration_ibfk_3` FOREIGN KEY (`event_num`) REFERENCES `event` (`num`),
  ADD CONSTRAINT `registration_ibfk_4` FOREIGN KEY (`skater_num`) REFERENCES `skater` (`num`);

